<?xml version="1.0" encoding="UTF-8"?>
<GenRun Id="synth_1" LaunchPart="xc7a12ticsg325-1L" LaunchTime="1669676364">
  <File Type="PA-TCL" Name="moore.tcl"/>
  <File Type="RDS-PROPCONSTRS" Name="moore_drc_synth.rpt"/>
  <File Type="REPORTS-TCL" Name="moore_reports.tcl"/>
  <File Type="RDS-RDS" Name="moore.vds"/>
  <File Type="RDS-UTIL" Name="moore_utilization_synth.rpt"/>
  <File Type="RDS-UTIL-PB" Name="moore_utilization_synth.pb"/>
  <File Type="RDS-DCP" Name="moore.dcp"/>
  <File Type="VDS-TIMINGSUMMARY" Name="moore_timing_summary_synth.rpt"/>
  <File Type="VDS-TIMING-PB" Name="moore_timing_summary_synth.pb"/>
  <FileSet Name="sources" Type="DesignSrcs" RelSrcDir="$PSRCDIR/sources_1">
    <Filter Type="Srcs"/>
    <File Path="$PSRCDIR/sources_1/new/moore.vhd">
      <FileInfo>
        <Attr Name="ImportPath" Val="$PPRDIR/../../project_1/project_1.srcs/sources_1/new/moore.vhd"/>
        <Attr Name="ImportTime" Val="1669675443"/>
        <Attr Name="UsedIn" Val="synthesis"/>
        <Attr Name="UsedIn" Val="simulation"/>
      </FileInfo>
    </File>
    <Config>
      <Option Name="DesignMode" Val="RTL"/>
      <Option Name="TopModule" Val="moore"/>
      <Option Name="TopAutoSet" Val="TRUE"/>
    </Config>
  </FileSet>
  <FileSet Name="constrs_in" Type="Constrs" RelSrcDir="$PSRCDIR/constrs_1">
    <Filter Type="Constrs"/>
    <Config>
      <Option Name="ConstrsType" Val="XDC"/>
    </Config>
  </FileSet>
  <FileSet Name="utils" Type="Utils" RelSrcDir="$PSRCDIR/utils_1">
    <Filter Type="Utils"/>
    <Config>
      <Option Name="TopAutoSet" Val="TRUE"/>
    </Config>
  </FileSet>
  <Strategy Version="1" Minor="2">
    <StratHandle Name="Vivado Synthesis Defaults" Flow="Vivado Synthesis 2019">
      <Desc>Vivado Synthesis Defaults</Desc>
    </StratHandle>
    <Step Id="synth_design"/>
  </Strategy>
</GenRun>
